0,1006,16.7,2.3,22,12,12.4,16.42,2.24
5,1006,16,2.2,13,18.1,13.2,16,2.19
10,1006,15.9,2.1,16,14.2,13,15.92,2.14
15,1005,16.1,2.1,12,14.4,12,16.08,2.09
20,,,,,,,16.83,2.05
25,1005,17.4,2,2,15.4,13.8,17.83,2.01
30,1005,17.3,2,8,11.3,12.2,17.25,1.97
35,1005,17.6,2,16,15.2,10.9,17.58,1.95
40,1005,17.3,1.9,27,13.6,12.5,17.25,1.93
45,,,,,,,17.42,1.9
50,1005,17.3,1.9,20,12.4,10.4,17.58,1.89
55,1005,17.1,1.9,10,15.4,14.3,16.67,1.88
60,1005,17.1,1.9,357,13.6,9.8,17.08,1.88
65,1005,16.5,1.9,21,14.2,11.1,16.5,1.86
70,,,,,,,16,1.86
75,1005,16.1,1.9,8,12.2,11.5,16.17,1.85
80,1005,16.1,1.9,6,15.4,9.6,16.08,1.86
85,1005,16.3,1.9,6,15.2,12.1,16.25,1.87
90,1005,16.1,1.9,356,15.2,12.3,16.08,1.88
95,,,,,,,16.42,1.89
100,1005,17.2,1.9,9,14,10.2,16.92,1.91
105,1004,17.4,1.9,18,15,9.1,17.42,1.94
110,1005,18,2,30,13,11.4,18,1.96
115,,,,,,,17.42,1.97
120,,,,,,,17.92,2.02
125,1004,16.8,2.1,25,15.4,15.4,16.67,2.06
130,1004,16.7,2.1,17,15.2,12.5,16.67,2.1
135,1005,16.2,2.1,12,13,12.8,16.17,2.14
140,1004,15.9,2.2,30,13.8,11.6,15.92,2.17
145,,,,,,,16.58,2.21
150,1004,16.7,2.2,44,12.2,11.4,16.42,2.24
155,1004,16.7,2.3,31,11.7,12.2,17,2.29
160,1004,18.2,2.3,15,15.4,13,18.17,2.31
165,1004,18.2,2.3,17,12.8,12.4,18.17,2.33
170,1004,18.9,2.4,20,9.5,8.8,18.92,2.35
175,,,,,,,19,2.37
180,1004,18,2.4,11,19.2,15.2,17.83,2.41
185,1004,16.9,2.4,18,13.4,13.3,16.92,2.42
190,1004,16.3,2.4,25,14.2,12.6,16.25,2.43
195,1004,16,2.5,11,14.8,11.5,16,2.45
200,,,,,,,15.83,2.47
205,1004,15.7,2.5,23,12.8,13.1,15.92,2.47
210,1004,15.7,2.5,18,13.2,11.6,15.67,2.49
215,1004,15.7,2.5,26,11.3,10.8,15.67,2.49
220,1004,15.8,2.5,24,10.5,9.3,15.83,2.51
225,,,,,,,16.33,2.52
230,1004,16.2,2.5,15,9.9,9.2,16.25,2.52
235,1004,16.6,2.5,356,5.4,6.1,16.58,2.52
240,1004,16.3,2.5,8,9.7,7.3,16.33,2.54
245,1004,16.8,2.5,342,11.3,7.3,16.83,2.54
250,,,,,,,17,2.54
255,1004,16.7,2.5,19,8.7,9,16.92,2.54
260,1004,17,2.6,33,9.1,6.5,16.96,2.56
265,1004,16.5,2.6,14,12.4,9.5,16.5,2.58
270,1004,16.5,2.6,35,10.5,10.3,16.5,2.6
275,,,,,,,16.67,2.62
280,1004,16.6,2.6,10,8,6.3,16.58,2.64
285,1004,16.8,2.7,19,12.2,8.5,16.83,2.66
290,1003,17,2.7,12,11.5,10.9,17,2.68
295,,,,,,,16.75,2.72
300,1003,16.8,2.7,24,10.7,3.6,17.25,2.74
305,1003,16.8,2.8,360,14.6,8.9,16.75,2.76
310,1003,16.7,2.8,21,11.1,8.8,16.67,2.77
315,1003,16.6,2.8,14,4.5,4.7,16.58,2.81
320,1003,16.8,2.8,22,8.9,5.8,16.79,2.83
325,,,,,,,16.92,2.87
330,1003,16.8,2.9,20,6.8,4.1,16.67,2.9
335,1003,16.9,2.9,1,9.5,7,17.08,2.93
340,1003,17,3,352,7.6,4.7,17,2.97
345,1003,17.3,3,322,8.9,7,17.25,3.01
350,1003,16.6,3.1,289,8.2,7.5,16.58,3.06
355,,,,,,,17.17,3.1
360,1003,17.2,3.1,308,8.9,6.3,17.33,3.14
365,1003,17,3.2,312,11.7,8.6,17,3.18
370,1003,16.8,3.2,348,11.9,7.7,16.75,3.22
375,,,,,,,16,3.28
380,1003,16.2,3.3,335,9.9,7.3,16.08,3.34
385,1003,16,3.4,319,14,12.2,16,3.4
390,1003,15.8,3.5,323,16.1,12.9,15.75,3.45
395,1003,15.8,3.5,310,14.6,13.7,15.83,3.5
400,1003,15.5,3.6,313,11.5,11.8,15.5,3.56
405,,,,,,,15.83,3.62
410,1003,15.7,3.7,321,16.1,11.6,15.67,3.68
415,1003,15.7,3.7,337,15,12.5,15.67,3.74
420,1003,15.3,3.8,317,16.7,12.9,15.25,3.77
425,1003,15.8,3.8,338,14.8,13.5,15.75,3.82
430,,,,,,,15.5,3.88
435,1003,15.3,3.9,322,13.2,10.5,15.5,3.92
440,1003,15.2,3.9,325,16.1,14.3,15.17,3.94
445,1003,15.1,4,335,15.7,13.7,15.08,3.99
450,,,,,,,15.25,4.01
455,1003,14.8,4,337,16.5,12.5,14.92,4.01
460,1003,15.2,4,340,14.6,12.1,14.83,4.05
465,1003,15,4.1,322,15,12.7,15,4.05
470,1003,15.3,4.1,310,18.5,14.2,15.25,4.07
475,1003,14.8,4.1,299,19,16.7,14.83,4.07
480,,,,,,,14.83,4.07
485,1003,14.1,4.1,315,22.3,18.9,14,4.07
490,1003,14.1,4.1,317,18.7,17.7,14.08,4.07
495,1002,13.9,4.1,327,20.8,18.4,13.92,4.07
500,1003,13.8,4.1,324,22.5,17.4,13.75,4.06
505,,,,,,,13.33,4.06
510,1003,13.1,4.1,329,24.7,22.2,12.83,4.05
515,1003,12.4,4,340,22.9,19.1,11.92,4.04
520,1003,11.3,4,329,23.5,21.9,11.33,4.04
525,1003,11.4,4,329,20,19.7,11.42,4.04
530,,,,,,,11.33,4.04
535,,,,,,,11.58,4.04
550,,,,,,,11.5,4.04
565,,,,,,,11.75,4.06
580,,,,,,,11.33,4.07
595,,,,,,,11.5,4.06
610,,,,,,,11.42,4.02
625,,,,,,,11.67,3.96
630,,,,,,,11.67,3.94
635,1003,11.1,3.9,347,13.8,10.6,11.75,3.9
640,1003,11.3,3.9,337,13.4,9.4,11.08,3.86
645,1003,11,3.8,332,10.7,10.2,11,3.82
650,1003,11,3.8,337,14.2,10.9,11,3.78
655,,,,,,,10.75,3.73
660,1003,10.8,3.7,330,15.4,12.5,10.58,3.68
665,1003,10.6,3.6,332,16.1,14.6,10.58,3.63
670,,,,,,,10.92,3.57
675,1002,10.8,3.5,342,15.4,9.4,10.83,3.51
680,,,,,,,11,3.46
685,1002,10.7,3.4,360,12.6,8.1,10.67,3.39
690,1002,10.6,3.3,348,14.6,11.7,10.58,3.32
695,,,,,,,11,3.25
700,1002,11.1,3.2,339,13.4,7.7,11.08,3.19
705,,,,,,,11,3.1
710,1002,10.8,3,336,8.9,8.2,10.92,3.03
715,,,,,,,10.75,2.94
720,1002,10.8,2.9,346,12.2,9.8,10.83,2.86
725,1002,10.6,2.8,351,14.4,8.5,10.58,2.78
730,,,,,,,11.08,2.7
735,1002,10.8,2.6,347,11.9,9.6,11.08,2.61
740,1002,10.8,2.6,353,9.9,6.7,10.83,2.53
745,1002,10.8,2.5,5,12.6,9,10.75,2.46
750,1002,10.8,2.4,4,10.1,10.3,10.83,2.39
755,1002,10.7,2.3,4,14.2,10.1,10.67,2.32
760,,,,,,,10.42,2.25
765,1001,10.4,2.2,4,9.5,6.4,10.5,2.18
770,,,,,,,10.42,2.13
775,1002,10.1,2.1,1,9.7,7.8,10.08,2.07
780,,,,,,,10.33,2.03
785,,,,,,,10.58,1.98
790,1002,10.8,2,357,9.5,6.5,10.67,1.95
795,1002,10.8,1.9,14,9.7,6.8,10.83,1.92
800,1001,10.4,1.9,9,10.7,8.9,10.38,1.9
805,,,,,,,10.5,1.88
810,1001,10.7,1.9,26,8.4,5.4,10.75,1.88
815,1001,10.7,1.9,37,10.1,8.5,10.67,1.86
820,1001,10.3,1.9,24,11.5,9.2,10.25,1.86
825,1001,10.2,1.9,21,9.5,9.2,10.17,1.86
830,,,,,,,10.42,1.87
835,1001,10.5,1.9,35,10.7,9.8,10.33,1.87
840,1001,10.1,1.9,35,8.9,8.4,10.33,1.9
845,1001,10.3,1.9,33,9.9,7.2,10.25,1.92
850,1001,10.1,2,66,9.3,6.5,10.08,1.95
855,,,,,,,10.17,1.98
860,1000,10.5,2,58,7.4,5.5,10.33,2.02
865,1000,10.5,2,42,9.1,5.2,10.17,2.04
870,1000,10.2,2.1,83,5.6,4.6,10.17,2.08
875,1000,10.4,2.1,77,5.1,3.8,10.42,2.12
880,,,,,,,10.17,2.14
885,1000,10,2.2,98,8.6,3.8,10,2.18
890,1000,10,2.2,82,6.2,5.4,10,2.2
895,1000,10.2,2.2,67,3.5,3.4,10.17,2.24
900,1000,11.1,2.3,104,4.5,2,11.08,2.27
905,,,,,,,10.36,2.28
910,1000,10.5,2.3,117,2.5,2.5,10.5,2.29
915,1000,10.4,2.3,152,0.4,1.5,10.36,2.31
920,1000,10.4,2.3,50,2.7,0.8,10.39,2.33
925,1000,10.8,2.3,7,0.4,1.3,10.75,2.33
930,,,,,,,10.33,2.35
935,1000,10.5,2.4,246,5.2,2.3,10.83,2.35
940,1000,10.5,2.4,247,5.2,3.8,10.5,2.35
945,1000,10.6,2.4,257,5.4,4.4,10.58,2.35
950,999,10.4,2.4,260,4.1,3.1,10.42,2.35
955,,,,,,,10,2.35
960,999,9.8,2.4,251,5.4,4.9,10.08,2.37
965,999,9.9,2.4,257,5.2,4.8,10.08,2.37
970,999,9.9,2.4,254,5.4,4.6,9.92,2.37
975,999,9.7,2.4,255,6.2,4.3,9.67,2.38
980,999,9.8,2.4,260,6,4,9.83,2.39
985,,,,,,,9.92,2.4
990,999,10,2.4,263,5.1,4.1,9.83,2.41
995,999,9.9,2.4,277,4.7,3.6,9.92,2.41
1000,999,10.2,2.4,298,3.7,3.4,10.17,2.43
1005,,,,,,,9.67,2.43
1010,998,10.1,2.5,302,3.5,3.4,10,2.45
1015,999,9.8,2.5,327,4.3,4,9.83,2.47
1020,998,10.1,2.5,1,3.5,2.9,10.08,2.49
1025,998,9.7,2.5,1,0.4,1.4,9.67,2.49
1030,,,,,,,9.56,2.51
1035,998,9.9,2.5,123,0.4,0.3,10.08,2.52
1040,998,10.2,2.5,150,0.4,0.3,10.17,2.54
1045,998,10.1,2.6,228,0.4,0.3,10.11,2.56
1050,998,10,2.6,220,0.4,0.3,10,2.58
1055,,,,,,,10.27,2.58
1060,998,10.1,2.6,212,0.4,0.3,10.25,2.64
1065,998,10.2,2.7,206,0.6,0.3,10.42,2.66
1070,998,10.2,2.7,194,0.4,0.3,10.17,2.7
1075,,,,,,,10.58,2.75
1080,,,,,,,10.67,2.78
1085,997,10.5,2.8,69,4.5,4.6,10.67,2.83
1090,997,10.3,2.9,79,5.8,3.9,10.75,2.88
1095,997,10.4,2.9,113,8.6,4,10.42,2.93
1100,997,10.3,3,102,10.3,8.5,10.33,2.98
1105,997,9.8,3,133,13.4,10,9.83,3.04
1110,,,,,,,9.42,3.1
1115,997,9.3,3.1,136,6.8,6.9,9.25,3.16
1120,997,9.1,3.2,139,8.4,5.8,9.08,3.2
1125,997,9.1,3.3,133,10.5,8.5,9.08,3.25
1130,997,8.9,3.3,127,11.1,9.7,8.92,3.31
1135,,,,,,,9.33,3.36
1140,997,9.3,3.4,104,9.3,8.7,9.75,3.41
1145,997,9.5,3.5,102,11.5,9.8,9.5,3.45
1150,997,9.6,3.5,104,11.7,10.7,9.58,3.52
1155,997,9.8,3.6,108,11.1,10.3,9.75,3.56
1160,997,9.6,3.6,108,10.1,10.1,9.58,3.6
1165,,,,,,,9.42,3.66
1170,997,9.4,3.7,103,11.5,10,9.83,3.7
1175,997,9.7,3.7,101,13.2,10.7,9.67,3.73
1180,997,9.7,3.8,103,12,11.1,9.67,3.78
1185,,,,,,,9.17,3.82
1190,997,9.5,3.9,94,12.4,10.8,9.17,3.85
1195,997,9.7,3.9,92,12.2,11.1,9.67,3.89
1200,,,,,,,9.33,3.91
1205,997,9.1,3.9,94,12.4,10.8,9.08,3.93
1210,,,,,,,9.17,3.95
1215,996,9.2,4,94,13.6,12.3,9,3.97
1220,996,9.3,4,94,13.8,12.1,9.33,3.99
1225,996,9.2,4,93,11.7,11.8,9.17,3.99
1230,997,9.8,4,93,11.3,11,9.75,4.01
1235,,,,,,,9.58,4.01
1240,996,9.7,4,83,11.3,10.8,9.67,4.01
1245,996,9.7,4,78,10.5,10.3,10,4.03
1250,996,10.1,4,77,13.2,10.5,10.08,4.02
1255,996,10.5,4,77,11.9,11.1,10.5,4.02
1260,,,,,,,10.5,4.02
1265,996,10.5,4,78,12.2,10.9,10.25,4.02
1270,996,10.7,4,79,14,11.3,10.5,4.02
1275,996,11,4,82,12.6,11.6,11,4
1280,996,11.5,4,79,13.8,11.7,11.5,4
1285,996,11.7,4,83,15.4,13.1,11.73,4
1290,,,,,,,12,3.98
1295,996,11.6,4,97,15.4,12.2,11.92,3.98
1300,995,12.2,4,95,22.3,14.2,12.17,3.98
1305,995,12.3,4,102,17.5,16.3,12.33,3.98
1310,995,12,4,94,20.2,17.5,12,3.98
1315,,,,,,,11.33,3.98
1320,995,12.3,4,91,19.4,16.9,12.58,3.98
1325,995,12.9,4,95,18.8,17,12.83,3.98
1330,995,12.4,4,95,14.4,14.2,12.42,3.97
1335,995,11.8,4,104,18.8,16,11.75,3.96
1340,995,10.9,4,98,19.2,17,10.92,3.97
1345,,,,,,,10.58,3.96
1350,995,10.2,4,95,21.6,20,10.33,3.96
1365,,,,,,,9.83,3.93
1380,,,,,,,10.08,3.88
1395,,,,,,,10.25,3.8
1410,,,,,,,10.25,3.68
1420,995,10,3.6,94,21.8,19.4,10.42,3.59
1425,995,10,3.6,101,18.7,18.4,10.5,3.53
1430,995,10.3,3.5,104,20.8,16.5,10.25,3.47
1435,995,10.1,3.4,90,22.5,17.9,10.08,3.42
1440,,,,,,,10,3.34
1445,995,10.7,3.3,87,18.5,16.1,10.58,3.26
1450,995,10.3,3.2,91,19.4,17.2,9.92,3.19
1455,995,10.1,3.1,92,16.5,16,10.08,3.12
1460,995,10.1,3.1,96,20,17,10.13,3.05
1465,995,10.1,3,92,17.1,14.8,10.08,2.96
1470,,,,,,,10,2.89
1475,995,10,2.8,93,18.5,14.8,10,2.8
1480,995,9.9,2.7,91,14.2,15.6,9.92,2.73
1485,995,10,2.7,88,12.6,11.7,10,2.65
1490,995,9.9,2.6,88,13.4,13.3,9.92,2.58
1495,,,,,,,9.92,2.51
1500,995,10.1,2.5,84,16.5,13.3,10.08,2.44
1505,995,10.2,2.4,91,18.5,14.7,10.08,2.38
1510,995,10,2.3,86,16.3,15.5,10,2.32
1515,994,10.3,2.3,94,20.2,16.1,10.33,2.26
1520,994,10.1,2.2,86,20.4,17.4,10.08,2.21
1525,,,,,,,9.58,2.17
1530,995,10.2,2.1,72,14,15.2,10.08,2.13
1535,995,10.2,2.1,74,15,14,10.17,2.07
1540,995,10.2,2,76,18.8,15.8,10.17,2.03
1545,,,,,,,10.33,2
1550,995,10.3,2,73,18.3,16.1,10.08,1.96
1555,,,,,,,10.17,1.93
1560,994,9.9,1.9,69,19.2,15.5,9.92,1.9
1565,994,10.2,1.9,66,20.2,15.6,10.17,1.88
1570,,,,,,,9.92,1.88
1575,994,10.5,1.9,73,18.5,16.2,10.08,1.88
1580,994,10.1,1.9,71,19.2,14.7,10.13,1.88
1585,994,9.9,1.9,71,17.3,14.9,9.92,1.89
1590,994,10.5,1.9,67,19.6,15.8,10.5,1.89
1595,994,9.9,1.9,68,16.9,15.6,9.92,1.91
1600,,,,,,,9.83,1.93
1605,994,9.9,2,66,20.4,19.4,10.25,1.95
1610,994,10.3,2,59,19.8,16,10.25,1.99
1615,994,10.2,2,61,22.3,18.2,10.17,2
1620,994,10.1,2,60,22.7,18.9,10.08,2.04
1625,,,,,,,10.5,2.06
1630,994,10.5,2.1,47,17.5,15.3,10.5,2.1
1635,994,10.2,2.1,58,23.1,17.6,10.17,2.14
1640,994,10.5,2.2,65,21.4,18.8,10.5,2.18
1645,994,10.2,2.2,52,19.6,16.8,10.17,2.22
1650,,,,,,,10.5,2.24
1655,994,9.9,2.3,41,21.8,18.6,10.25,2.28
1660,993,10.3,2.3,35,19.2,18,10.25,2.32
1665,994,10.3,2.4,42,19,17.3,10.25,2.35
1670,993,9.8,2.4,43,18.7,17.2,9.83,2.39
1675,,,,,,,10.42,2.41
1680,993,10.2,2.4,39,22,18.5,10.42,2.37
1685,993,9.9,2.4,39,24.5,20,10,2.45
1690,993,10.5,2.5,47,17.3,18.6,10.5,2.47
1695,993,10.3,2.5,34,20.8,16.9,10.25,2.47
1700,993,10.3,2.5,36,18.3,17.1,10.29,2.5
1705,,,,,,,10,2.52
1710,993,10.2,2.5,37,20.8,17.3,10.33,2.52
1715,993,10.2,2.5,41,21.4,17.6,10.17,2.54
1720,993,10.4,2.6,46,20.4,17.9,10.42,2.55
1725,,,,,,,10.33,2.56
1730,993,10.3,2.6,36,19.6,17.1,10.25,2.58
1735,993,10.8,2.6,42,20.6,18.3,10.75,2.61
1740,993,10.8,2.6,51,21.6,17.2,10.83,2.62
1745,993,10.8,2.6,51,16.1,16.1,10.75,2.63
1750,993,10.5,2.6,47,20,15.4,10.5,2.64
1755,994,10.8,2.6,44,16.9,17.6,10.75,2.64
1760,993,10.4,2.7,42,21.4,17.6,10.38,2.65
1765,993,10.2,2.7,45,17.7,18.2,10.17,2.66
1770,993,10.9,2.7,39,19,16.6,10.92,2.68
1775,993,10.4,2.7,30,21,16.6,10.42,2.68
1780,,,,,,,10.83,2.68
1785,993,10.8,2.7,42,19.6,17.2,10.5,2.69
1790,993,11.3,2.7,40,18.5,16.1,11.33,2.69
1795,993,10.8,2.7,30,16.9,15.3,10.83,2.71
1800,993,10.8,2.7,35,20.2,15.7,10.83,2.74
1805,,,,,,,11.08,2.74
1810,994,10.8,2.8,39,20.2,16.3,10.92,2.77
1815,993,11,2.8,36,21.2,18.9,11,2.77
1820,994,11.3,2.8,32,18.8,16.9,11.25,2.79
1825,993,11.3,2.8,31,19.2,17.4,11.25,2.84
1830,,,,,,,11.08,2.87
1835,993,10.7,2.9,28,23.5,18.8,11.5,2.91
1840,994,10.9,2.9,29,21.8,20.7,10.92,2.91
1845,994,10.8,3,29,21.4,18.9,10.83,2.98
1850,993,10.5,3,24,22.7,19.5,10.5,3.04
1855,,,,,,,11.08,3.07
1860,994,11.3,3.1,33,16.9,15.4,11,3.13
1865,994,10.8,3.2,27,23.5,19.2,11.08,3.18
1870,994,10.9,3.2,25,16.5,15.7,10.92,3.24
1875,994,11.3,3.3,25,16.3,12.8,11.25,3.28
1880,994,11.1,3.3,28,15.5,13.9,11.08,3.34
1885,,,,,,,11.08,3.41
1890,994,11.2,3.5,16,15.2,14.9,11.08,3.45
1895,994,10.8,3.5,21,17.5,14.9,10.75,3.51
1900,994,10.9,3.6,15,19.6,16.2,10.92,3.57
1905,,,,,,,10.92,3.63
1910,994,10.8,3.7,18,20.8,16.7,10.75,3.68
1915,994,10.7,3.7,10,21.2,17.1,10.67,3.74
1920,994,11,3.8,12,22.3,17.1,11,3.79
1925,994,10.8,3.9,10,22.5,17.2,10.75,3.85
1930,,,,,,,10.83,3.89
1935,994,11.1,3.9,6,24.9,17.4,10.58,3.95
1940,994,10.7,4,15,22.9,17.1,10.71,3.99
1945,994,10.8,4,13,22.7,17.4,10.83,4.01
1950,995,10.9,4.1,24,18.5,18.5,10.92,4.05
1955,995,10.8,4.1,23,15.9,16.9,10.75,4.07
1960,,,,,,,10.42,4.09
1965,995,10.6,4.1,9,20.8,15.8,10.92,4.11
1970,995,10.7,4.1,17,21.6,15.4,10.67,4.11
1975,995,10.5,4.1,11,22.2,18.3,10.5,4.11
1980,995,10.6,4.1,28,19.4,17.7,10.58,4.1
1985,,,,,,,10.75,4.1
1990,995,10.6,4.1,21,22.9,18.6,10.5,4.08
1995,995,10.9,4.1,17,18.3,16.8,10.92,4.06
2000,995,10.7,4,9,20.8,16.1,10.67,4.04
2005,995,10.3,4,15,27.4,20.8,10.33,4.02
2010,,,,,,,9.75,4.02
2015,995,10.5,4,18,24.9,22.4,9.92,4
2020,995,10.2,4,12,29.1,23.5,10.17,3.98
2025,995,10.3,4,16,28.6,24.3,10.33,3.98
2030,995,10.5,4,24,24.3,22,10.5,3.98
2035,,,,,,,10.33,3.99
2040,995,10.3,4,16,27.2,21.1,10.08,3.99
2045,995,10.3,4,18,41,27.6,10.17,3.99
2050,995,9.8,4,22,42.7,33.6,9.75,3.99
2055,995,9.3,4,27,42.2,31.5,9.25,4.01
2060,995,9.6,4,26,34.6,29.2,9.58,4.01
2065,,,,,,,9.5,4.01
2070,996,9.1,4,20,33.2,28.8,9.42,4.01
2075,996,9.7,4,14,24.9,24.6,9.67,4.01
2080,996,9.5,4,12,34.8,25.6,9.5,4.01
2085,,,,,,,9.25,3.99
2090,996,9.4,4,19,39.1,33.4,9.33,3.98
2095,996,9.1,3.9,17,38.5,31.6,9.08,3.94
2100,996,9.3,3.9,17,36.9,24.6,9.33,3.92
2105,997,9.3,3.9,11,27.6,26.5,9.25,3.89
2110,,,,,,,8.75,3.86
2115,996,8.5,3.8,19,36.7,32.1,8.33,3.84
2120,996,8.2,3.8,25,33,30.8,8.17,3.8
2125,996,8.3,3.8,13,41.6,32.1,8.33,3.75
2130,997,8.6,3.7,18,35.4,31.2,8.58,3.73
2135,,,,,,,8.42,3.65
2140,997,8.3,3.6,26,34.6,31.9,8.17,3.63
2145,997,8.3,3.6,13,36.1,30.7,8.33,3.59
2150,997,8.2,3.6,12,37.7,29.2,8.17,3.55
2155,997,8.2,3.5,17,36.1,31.3,8.17,3.51
2160,,,,,,,8.33,3.46
2165,997,8.2,3.4,15,37.5,30.5,8.08,3.4
2170,997,8,3.4,21,35.9,34.4,8.33,3.35
2175,997,8.2,3.3,12,36.9,32.2,8.17,3.29
2180,997,8.1,3.2,20,38.9,30.2,8.13,3.23
2185,,,,,,,7.92,3.17
2190,997,8.1,3.1,6,25.8,22.3,8.08,3.09
2195,997,8.3,3,1,29.5,23.1,8.25,3.01
2200,998,8,2.9,1,28.6,26.6,8,2.93
2205,,,,,,,8.33,2.84
2210,,,,,,,8.17,2.75
2215,997,8,2.7,9,41.4,31.1,8,2.65
2220,997,7.6,2.6,10,36.9,30.7,7.58,2.56
2225,,,,,,,7.83,2.45
2230,998,7.8,2.4,7,32.3,28.2,8.08,2.36
2235,998,7.7,2.3,1,36.3,25.1,7.58,2.28
2240,998,7.7,2.2,9,35.4,27.6,7.67,2.19
2245,998,7.8,2.1,5,29.9,26.1,7.75,2.09
2250,,,,,,,7.67,2
2255,998,7.7,1.9,358,32.6,24.7,7.67,1.93
2260,998,8,1.9,11,29.7,25.8,7.25,1.85
2265,998,7.4,1.7,4,38.1,26.7,7.42,1.73
2270,998,7.1,1.7,3,38.1,29.8,7.08,1.69
2275,998,6.8,1.6,0,32.8,27.5,6.75,1.63
2280,,,,,,,6.92,1.58
2285,999,7,1.5,9,30.9,25.5,6.58,1.54
2290,999,6.8,1.5,2,24.3,24.3,6.83,1.5
2295,999,6.8,1.5,2,32.4,22.8,6.75,1.47
2300,998,6.7,1.4,360,32.6,22.7,6.67,1.44
2305,,,,,,,6.67,1.43
2310,999,6.4,1.4,360,34,22.9,6.58,1.42
2315,999,6.9,1.4,6,35.9,23.3,6.25,1.41
2320,998,6.8,1.4,357,32.6,25.6,6.83,1.41
2325,999,6.6,1.4,2,32.4,25.6,6.58,1.42
2330,999,6.5,1.4,357,29.7,24.5,6.5,1.44
2335,,,,,,,6.33,1.46
2340,999,6.5,1.5,357,30.1,23.7,6.42,1.49
2345,999,6.5,1.5,2,26,19,6.5,1.51
2350,999,6.2,1.6,3,33.4,25.7,6.17,1.55
2355,,,,,,,5.83,1.58
2360,999,5.9,1.6,357,38.7,26.6,6.25,1.62
2365,999,5.8,1.7,1,35.9,27.3,5.83,1.68
2370,999,5.8,1.7,354,36.3,28.4,5.83,1.71
2375,999,5.8,1.8,357,29.3,23.3,5.75,1.77
2380,,,,,,,5.92,1.81
2385,999,6.1,1.8,0,40.8,29.1,6.08,1.84
2390,1000,5.8,1.9,360,27.2,25.7,5.83,1.87
2395,1000,6.2,1.9,358,30.5,21.4,6.17,1.91
2400,1000,5.9,1.9,356,37.5,23.8,5.92,1.94
2405,,,,,,,5.5,1.97
2410,1000,5.4,2,360,30.3,24.9,5.83,1.99
2415,1000,5.5,2,2,26.8,26.1,5.67,2
2420,1000,5.8,2,352,36.3,22.4,5.83,2.02
2425,1000,5.6,2,357,26.4,22.1,5.58,2.02
2430,1000,5.5,2,357,32.8,24.9,5.5,2.04
2435,,,,,,,5.42,2.04
2440,1000,5.5,2,356,29.3,21,5.25,2.04
2445,1000,5.3,2,357,34.2,21.2,5.33,2.04
2450,1000,5.4,2.1,2,32.1,25.8,5.42,2.05
2455,1000,5.4,2.1,359,37.7,25.5,5.42,2.06
2460,,,,,,,5.17,2.06
2465,1000,5.3,2.1,360,32.4,23.9,5.25,2.06
2470,1000,5.2,2.1,1,34.8,26.6,5.17,2.06
2475,1001,5.4,2.1,359,28.6,21.7,5.42,2.08
2480,1000,5,2.1,354,35.2,24,5,2.08
2485,,,,,,,5.08,2.08
2490,1001,5.2,2.1,2,27.2,23.2,5.17,2.1
2495,1000,5.1,2.1,358,34.4,26.7,5.08,2.1
2500,1001,5.3,2.1,359,28.6,21.6,5.25,2.12
2505,1001,5.2,2.1,355,33.6,23,5.17,2.12
2510,1001,5,2.1,355,35,24.1,5,2.12
2515,,,,,,,5.17,2.14
2520,1001,4.9,2.2,349,35.6,24.5,4.92,2.16
2525,1001,5.2,2.2,355,30.3,23.9,5.17,2.17
2530,1002,5.4,2.2,357,27.8,22.4,5.42,2.18
2535,1002,5.4,2.2,358,23.1,19.7,5.42,2.19
2545,1001,5.2,2.2,359,33.6,24.1,5.08,2.24
2550,1002,5.3,2.3,360,29.7,24.3,5.27,2.26
2555,1002,5.4,2.3,359,38.3,21.1,5.42,2.27
2565,1002,5.7,2.3,354,30.9,25.7,5.25,2.33
2570,1002,5.4,2.4,1,28.4,22.9,5.42,2.37
2575,1002,5.4,2.4,357,33,24.8,5.42,2.41
2580,1002,5.4,2.5,355,25.1,20.8,5.42,2.45
2590,1002,5.6,2.5,4,29.5,26.7,5.75,2.55
2595,1002,5.8,2.6,354,25.1,18.6,5.75,2.61
2600,1002,5.8,2.7,347,32.8,22.7,5.83,2.66
2605,1002,5.8,2.7,357,27.4,20.1,5.83,2.74
2615,1003,5.8,2.8,2,25.3,23.3,5.92,2.85
2620,1002,5.8,2.9,358,34.2,27,5.83,2.91
2625,1002,5.8,3,359,32.1,24.8,5.83,2.98
2630,1003,5.5,3.1,1,27.4,21.7,5.5,3.05
2640,1003,5.9,3.2,352,35.2,24.9,5.42,3.17
2645,1003,6.3,3.2,354,27.6,27.5,6.25,3.22
2650,1003,5.9,3.3,349,22.2,19.3,5.92,3.27
2655,1004,6,3.3,345,18.3,13.5,6,3.33
2660,1003,6.1,3.4,350,30.5,17.7,6.08,3.37
2670,1003,6.2,3.5,355,27,23.1,6.5,3.46
2675,1003,5.8,3.5,355,29.7,22.1,5.83,3.49
2680,1004,6.3,3.5,355,18.8,19.9,6.33,3.53
2685,1004,6.3,3.6,345,34.2,21.3,6.33,3.56
2690,1004,6.6,3.6,351,28.6,21,6.58,3.58
2700,1004,6.6,3.6,351,25.3,20.8,6.67,3.61
2705,1004,6.8,3.6,352,18.1,18.6,6.75,3.62
2710,1004,6.9,3.6,345,29.9,16.9,6.92,3.62
2715,1004,6.9,3.6,353,29.5,18.8,6.92,3.62
2720,1004,6.8,3.6,357,30.5,20.8,6.76,3.63
2725,1004,6.6,3.6,356,29.5,22.9,6.58,3.64
2730,1004,7.6,3.6,354,24.7,20.2,7.58,3.64
2735,1004,7.2,3.6,356,33,23.9,7.17,3.63
2750,,,,,,,8,3.62
2765,,,,,,,7.83,3.63
2780,,,,,,,7.58,3.63
2795,,,,,,,6.83,3.64
2810,,,,,,,7,3.66
2825,,,,,,,6.75,3.66
2840,,,,,,,7.16,3.65
2855,,,,,,,7.08,3.61
2870,,,,,,,7.5,3.5
2885,,,,,,,8.5,3.42
2900,,,,,,,8.58,3.31
2915,,,,,,,8.17,3.14
2930,,,,,,,7.58,2.94
2945,,,,,,,8.25,2.7
2950,,,,,,,8.67,2.61
2965,,,,,,,9.08,2.33
2970,,,,,,,9.17,2.24
2985,,,,,,,9.83,1.96
2990,,,,,,,10,1.89
3005,,,,,,,9.92,1.66
3020,,,,,,,10,1.52
3030,,,,,,,10.83,1.45
3045,,,,,,,12.17,1.41
3060,,,,,,,12.5,1.42
3075,,,,,,,12.58,1.48
3090,,,,,,,12.33,1.56
3105,,,,,,,11.92,1.68
3120,1007,11.1,1.8,353,24.1,16.3,11.08,1.84
3125,,,,,,,11.5,1.9
3130,1008,11.8,1.9,350,22.3,14.1,11.5,1.94
3135,1008,11.1,2,345,19,15.4,11.25,1.99
3140,1008,11.3,2,345,23.5,17.8,11.33,2.04
3145,1007,11.3,2.1,358,22.3,17.6,11.33,2.09
3150,,,,,,,11.33,2.14
3155,1008,11.1,2.2,353,21.4,14.2,11.33,2.18
3160,1008,11.6,2.2,337,18.7,16.3,11.58,2.23
3165,1008,11.4,2.3,355,22.7,15.2,11.42,2.27
3170,1008,11.6,2.3,337,17.3,14,11.58,2.29
3175,1008,11.3,2.3,336,23.9,16.1,11.33,2.32
3180,,,,,,,11.5,2.35
3185,1008,11.3,2.4,343,16.9,14.8,11.42,2.35
3190,1008,11.7,2.4,345,15,12.1,11.67,2.37
3195,1008,11.7,2.4,358,25.5,18.4,11.67,2.39
3200,1008,11.1,2.4,354,25.1,16.3,11.12,2.39
3210,1008,11.1,2.4,333,19,16.7,11.67,2.41
3215,1008,11,2.4,333,22.9,18,11,2.41
3220,1008,11.3,2.4,323,19.8,14.7,11.33,2.41
3225,1008,11.3,2.4,333,21.6,14.9,11.33,2.43
3230,1008,11.6,2.4,322,23.7,17,11.58,2.43
3240,1008,11.4,2.5,333,22.3,19.2,11.67,2.45
3245,1008,11.3,2.5,330,23.5,21.7,11.25,2.45
3250,1008,11.1,2.5,327,24.9,17.5,11.08,2.47
3255,,,,,,,11.33,2.49
3260,1009,11.2,2.5,328,24.9,17.6,11.08,2.49
3265,1009,11.4,2.5,331,19.4,18.1,11.42,2.51
3270,1009,11.7,2.5,329,18.8,14.8,11.67,2.54
3275,1008,11.3,2.6,336,22.3,17.1,11.33,2.56
3280,1009,11.1,2.6,334,17.9,16.9,11.08,2.58
3285,,,,,,,11.33,2.6
3290,1009,11,2.6,334,20,14.9,10.92,2.64
3295,1009,11.4,2.7,342,19.6,18,11.42,2.66
3300,1009,10.7,2.7,331,19.8,16.1,10.67,2.7
3305,1009,11.3,2.7,341,22.9,15.1,11.25,2.73
3310,,,,,,,11.42,2.77
3315,1009,11.6,2.8,333,16.3,15.6,11.83,2.79
3320,1009,11.3,2.8,339,22.2,17.9,11.33,2.84
3325,1009,11.7,2.9,334,18.3,17.3,11.67,2.89
3330,1009,11.9,2.9,343,22.2,15,11.92,2.93
3340,1009,12.1,3,347,20.8,16.1,11.83,3.04
3345,1009,11.6,3.1,335,18.3,15.9,11.55,3.1
3350,1009,11.2,3.2,353,17.1,15,11.17,3.16
3355,1009,11.3,3.2,359,17.3,14.9,11.33,3.22
3360,,,,,,,10.83,3.29
3365,1009,10.6,3.4,341,10.3,10,11.25,3.36
3370,1009,10.6,3.4,335,21,14.1,10.58,3.44
3375,1009,11.2,3.5,338,24.7,18.4,11.17,3.5
3380,1009,10.6,3.6,346,22.5,17.2,10.63,3.57
3390,1009,10,3.7,331,19,16.9,10.25,3.7
3395,1009,9.9,3.8,344,20.8,16.3,9.75,3.77
3400,1009,9.9,3.8,333,19.8,13.4,9.92,3.83
3405,1009,10.3,3.9,354,18.5,14.7,10.25,3.89
3410,1010,9.8,4,331,14.4,12.2,9.75,3.95
3415,1010,9.5,4,351,20.4,13.3,9.5,3.99
3420,,,,,,,9.58,4.03
3425,1010,9.3,4.1,335,14.6,10.1,9,4.07
3430,1010,9.1,4.1,330,11.5,11.1,9.08,4.09
3435,1010,9.3,4.1,335,12.6,9.8,9.33,4.11
3440,,,,,,,9.4,4.14
3445,1010,9.4,4.2,323,9.9,9.3,9.25,4.15
3450,1010,9.1,4.2,330,12.8,10.7,9.08,4.17
3455,1010,9.4,4.2,321,8.9,9.8,9.42,4.17
3460,1010,9.3,4.2,323,12.6,10,9.33,4.17
3465,1010,9.2,4.2,321,10.7,9.2,9.17,4.17
3470,1010,8.9,4.2,319,11.7,9.9,8.92,4.17
3475,,,,,,,9.25,4.17
3480,1010,9,4.2,317,11.3,10.1,8.92,4.17
3485,1010,8.8,4.2,315,11.3,10.6,8.75,4.17
3490,1010,9.2,4.1,312,13.6,11.1,9.17,4.14
3495,1010,9,4.1,314,12.8,11.8,9,4.14
3500,1010,8.7,4.1,312,13.2,12,8.67,4.12
3505,1011,8.8,4.1,306,12.2,11.2,8.75,4.12
3515,1011,8.9,4.1,314,15.4,12.8,9,4.1
3520,1011,8.5,4.1,313,13.4,12.7,8.83,4.11
3525,1011,8.8,4.1,312,14.4,12.4,8.83,4.11
3530,1010,8.3,4.1,302,14.8,12.1,8.33,4.11
3535,1010,8.5,4.1,302,15.2,10.7,8.5,4.11
3545,1010,8.6,4.1,313,15.4,13.8,8.58,4.12
3550,1011,8.1,4.1,302,15.7,11.4,8.08,4.13
3555,1011,7.8,4.1,286,15.5,10.3,7.83,4.13
3560,1011,7.7,4.1,288,15.4,12.6,7.68,4.13
3570,1011,7.5,4.1,302,16.7,13.3,7.83,4.11
3575,1011,7.4,4.1,303,14.4,10.7,7.5,4.11
3580,1010,7.1,4.1,298,13,10.3,7.08,4.11
3585,1010,7.5,4.1,292,12.8,8.9,7.5,4.1
3590,1011,7.6,4.1,294,12.6,8.4,7.58,4.06
3595,,,,,,,6.67,4.06
3600,1011,7,4,294,14.4,10.5,7,4.04
3605,1011,7.2,4,300,13.8,11.6,7.17,4
3610,,,,,,,7.58,3.98
3615,1011,7.2,4,309,17.1,13.3,7.17,3.96
3620,,,,,,,7.25,3.92
3625,1010,7.3,3.9,311,16.1,14,7.75,3.88
3630,1011,7.3,3.9,308,14,13.4,7.17,3.84
3635,1011,7.2,3.8,308,16.1,13.7,7.17,3.8
3640,1011,7,3.8,300,13,12.2,7,3.76
3655,1011,6.3,3.6,281,13.2,10,6.33,3.59
3660,1011,6.4,3.5,284,11.9,10.3,6.42,3.53
3665,1011,5.9,3.4,292,12.6,10.6,5.92,3.44
3670,1011,6.2,3.4,291,9.7,9.3,6.17,3.37
3675,,,,,,,6.42,3.28
3680,1011,6.1,3.2,290,12.4,9.4,6.17,3.19
3685,1011,6.1,3.1,305,14,10.2,6.08,3.09
3690,1011,6.8,3,296,15.9,10.8,6.83,2.99
3695,1011,6.5,2.9,281,13.8,10.5,6.5,2.88
3700,,,,,,,6.5,2.78
3705,1011,6.4,2.7,302,13.4,12,6.92,2.67
3710,1011,6.8,2.6,300,14.2,12.8,6.33,2.55
3715,1011,6.9,2.4,305,13.8,12.7,6.92,2.44
3720,1011,6.5,2.3,309,14.4,12,6.5,2.34
3725,1011,6.3,2.2,307,13,12.6,6.25,2.23
3735,1011,6.3,2,301,11.5,9.5,6.08,2.02
3740,1011,5.8,1.9,292,9.7,9.1,5.75,1.93
3745,1011,6.3,1.9,279,11.5,8.4,6.25,1.85
3755,1011,5.7,1.7,290,10.9,8.9,5.92,1.69
3760,1011,5.8,1.6,294,11.1,9.4,5.83,1.63
3765,1011,5.8,1.6,286,11.9,9.4,5.75,1.57
3770,1011,5.3,1.5,290,11.7,8.9,5.25,1.52
3775,1011,5.5,1.5,296,10.1,8.9,5.5,1.48
3785,1011,5.8,1.4,293,9.1,8.1,5.83,1.43
3790,1011,5.9,1.4,295,7.6,6.7,5.92,1.41
3795,1011,6,1.4,281,6,6.3,6,1.4
3800,1011,5.5,1.4,271,6.8,5.2,5.5,1.4
3805,,,,,,,5.25,1.4
3810,1011,4.9,1.4,285,7.2,6.1,5.08,1.42
3815,1011,5.2,1.4,288,7.8,6.9,5.17,1.44
3820,1011,5.1,1.5,290,7,6.4,5.08,1.47
3825,1011,5.2,1.5,300,12.4,7.3,5.17,1.5
3830,,,,,,,4.75,1.53
3835,1011,5.5,1.6,300,9.7,7.6,5.33,1.57
3840,1011,5.7,1.6,309,10.1,7.6,5.67,1.62
3845,1011,5.7,1.7,291,9.1,6.1,5.67,1.67
3850,1011,5.6,1.7,302,12.6,7.8,5.58,1.72
3855,,,,,,,5.33,1.77
3860,1011,5.5,1.8,297,8,7.7,5.58,1.82
3865,1011,5.2,1.9,297,8.6,7.2,5.17,1.87
3870,1011,5.3,1.9,303,8.9,7.4,5.25,1.91
3875,1011,5.3,2,304,9.5,7.6,5.25,1.95
3880,1011,5.3,2,299,8.4,5.7,5.25,1.99
3885,,,,,,,5.42,2.03
3890,1011,4.9,2.1,299,7.6,6.1,5.08,2.06
3895,1012,4.9,2.1,277,7.6,5.4,4.92,2.08
3900,1012,5,2.1,296,8,6,5,2.12
3905,1011,4.6,2.1,287,6.2,5.1,4.58,2.14
3915,1011,4.9,2.2,284,6.6,5.6,5.17,2.11
3920,1011,5.3,2.2,289,7.8,6,5.25,2.18
3925,1011,5.6,2.2,287,7.2,5,5.58,2.2
3930,1011,5.9,2.2,272,8,6,5.92,2.22
3935,,,,,,,5.92,2.21
3940,1011,6.6,2.2,284,10.7,8.3,6.33,2.22
3945,1011,6.8,2.2,275,8.2,6.3,6.42,2.24
3950,1011,6.9,2.3,279,9.3,7,6.92,2.26
3955,,,,,,,7.25,2.26
3965,1012,7.8,2.3,301,8.6,7.3,7.83,2.29
3970,1012,8.1,2.3,293,6.8,6.5,8,2.31
3975,1012,8.7,2.3,295,8.2,5.9,8.67,2.31
3980,1011,9.3,2.3,302,7.8,6.3,9.25,2.33
3985,1011,9.1,2.4,292,10.1,7.9,9.08,2.35
3990,,,,,,,9.33,2.36
3995,1011,9.2,2.4,275,8.4,5.5,9.5,2.37
4000,1011,10.3,2.4,279,8,5.3,10.33,2.39
4005,1011,10.3,2.4,294,9.9,7.2,10.33,2.41
4010,1011,10.3,2.4,287,7.4,6.9,10.33,2.41
4015,,,,,,,10.08,2.43
4020,1011,10.8,2.4,298,6.8,4.7,10.75,2.44
4025,1011,11,2.5,323,8.6,6,10.83,2.45
4030,1011,10.8,2.5,312,12,9.2,10.83,2.48
4035,1011,11,2.5,312,10.3,9.5,11,2.51
4040,1011,10.6,2.5,302,12.6,9.7,10.63,2.52
4050,1011,11.2,2.6,306,11.7,9.8,11.5,2.59
4055,1011,11.4,2.6,308,9.7,9.9,11.42,2.63
4060,1011,11.7,2.7,299,8.9,9,11.67,2.67
4065,1011,11.9,2.7,312,9.9,7.7,11.92,2.72
4070,,,,,,,12.5,2.77
4075,1011,12.2,2.8,317,6.4,6.4,12.58,2.82
4080,1011,13.2,2.9,318,7,4.4,13.25,2.87
4085,1011,13.9,2.9,304,5.6,5.8,13.92,2.94
4090,1011,13.9,3,318,8.7,7.3,13.92,3.01
4095,1011,14.1,3.1,315,10.5,6.9,14.08,3.08
4100,,,,,,,14,3.15
4105,1011,14.5,3.2,281,8.2,5.1,14.5,3.23
4110,1011,15.1,3.3,279,10.5,7.2,15.08,3.3
4115,1011,14.9,3.4,281,9.9,6.4,14.92,3.37
4125,1011,15,3.5,287,13.2,8.4,14.83,3.51
4130,1011,14.8,3.6,297,8.6,7.9,14.83,3.58
4135,1011,15.4,3.6,303,10.3,6.1,15.42,3.64
4140,1011,15.6,3.7,298,11.3,9.2,15.58,3.7
4145,1012,15.3,3.8,259,9.3,7.6,15.33,3.76
4155,1011,16,3.9,285,11.5,6.9,15.75,3.85
4160,1012,15.9,3.9,288,13.2,8,15.92,3.89
4165,1011,15.8,3.9,293,13.6,8.6,15.75,3.93
4170,1011,15.8,4,273,4.9,5.2,15.75,3.97
4175,1011,16.1,4,296,9.5,6.2,16.08,3.99
4180,,,,,,,14.92,4.01
4185,1011,15.3,4,280,13.4,7.1,15.42,4.03
4190,1011,15.7,4,312,11.7,11.6,15.67,4.03
4195,1011,15.5,4,280,12,9.6,15.5,4.03
4200,1011,15.8,4.1,281,9.3,6.7,15.75,4.05
4205,,,,,,,16.42,4.05
4210,1011,15.8,4.1,310,13.2,10.5,15.33,4.05
4215,1011,14.4,4,273,10.9,7.7,14.08,4.03
4220,1011,15.2,4,311,10.5,8.5,15.17,4.03
4225,1011,15.3,4,316,11.9,9.1,15.25,4.03
4230,,,,,,,14.75,4.02
4235,1011,15,4,308,13.4,8.3,15.17,4.02
4240,1011,15.7,4,307,12.2,11,15.75,4.02
4245,1011,15.7,4,315,12.6,9.3,15.67,4.02
4250,1011,14.6,4,288,15.7,8.9,14.58,4.02
4255,,,,,,,15.08,4.02
4260,1011,15.6,4,300,13.6,11.8,15.83,4.02
4265,1011,16.4,4,310,8.4,9.3,16.42,4.02
4270,1011,16.3,4,294,15,10.7,16.25,4.02
4275,1011,15.1,4,304,13,10.7,15.08,4.02
4280,,,,,,,14.75,4.02
4285,1011,15.6,4,296,13.2,9.8,15.58,4.02
4290,1011,16,4,318,8.2,9.2,16,4.03
4295,1011,17,4,270,12.2,6.1,17,4.02
4300,1011,17.6,4,304,9.9,4.9,17.58,4.02
4305,1011,16.5,4,285,19.2,10.3,16.5,4.02
4310,1011,15.9,4,307,15.2,12.8,15.92,4.02
4315,,,,,,,15.58,4.02
4320,1011,15.9,4,299,8.6,8.6,16.33,4
4325,1011,16.6,4,303,15,8.4,16.58,4
4330,1010,15.9,4,290,14.6,9.2,15.92,3.98
4335,1011,15.6,4,309,11.1,9.4,15.58,3.97
4340,,,,,,,16.48,3.95
4345,1011,17.4,3.9,316,9.7,5.3,17,3.92
4350,1011,16,3.9,293,13.2,7.9,16,3.9
4355,1011,16.3,3.9,302,12.8,9.1,16.33,3.86
4360,,,,,,,16.92,3.84
4365,1011,17.6,3.8,320,13.6,9.8,17.08,3.8
4370,1011,16.4,3.8,299,16.7,11.6,16.42,3.76
4375,1011,15.8,3.7,306,10.3,8.8,15.75,3.71
4380,1011,15.6,3.7,306,16.9,8,15.58,3.66
4385,,,,,,,15.83,3.62
4390,1011,17.1,3.6,290,11.7,7.7,17.08,3.57
4395,1010,16.3,3.5,264,15.2,9.8,16.25,3.51
4400,1010,15.8,3.4,275,21.2,13.5,15.75,3.44
4405,1010,15.9,3.4,281,18.7,12.8,15.92,3.36
4410,,,,,,,16,3.28
4415,1010,16,3.2,284,11.9,9.3,16.17,3.2
4420,1010,16.4,3.1,299,15.9,9.1,16.5,3.11
4425,1010,16,3,264,15.7,7.4,16,3.02
4430,1010,15.8,2.9,306,16.1,9.8,15.83,2.92
4435,,,,,,,16.67,2.82
4440,,,,,,,16.67,2.72
4445,1011,16.9,2.6,290,20.2,12.8,17,2.61
4450,1010,16.1,2.5,272,21.2,13.9,16.08,2.51
4455,1010,16.3,2.4,263,20.4,12.1,16.25,2.4
4460,1010,16.9,2.3,284,14.4,10.9,16.92,2.31
4465,,,,,,,17.42,2.21
4470,1011,18.1,2.1,295,15.5,8,18.17,2.11
4475,1010,18,2,287,18.7,13.2,18.33,2.01
4480,1011,17.1,1.9,281,16.1,10.7,17.08,1.93
4485,1010,17.6,1.9,260,14.2,10.8,17.58,1.85
4490,1010,17.4,1.8,263,16.5,11.6,17.42,1.77
4495,,,,,,,17.25,1.69
4500,1010,17.8,1.6,280,16.1,11.6,17.5,1.63
4505,1010,17.7,1.6,279,23.7,12.2,17.67,1.58
4510,1010,17.5,1.5,297,15.5,13.6,17.5,1.53
4515,,,,,,,17.17,1.49
4520,1010,16.8,1.5,277,19.2,13,16.25,1.46
4525,1010,16.9,1.4,290,9.1,8.5,16.92,1.44
4530,1010,17.1,1.4,310,15,10.2,17.08,1.43
4535,1010,16.5,1.4,272,15.7,10.4,16.5,1.42
4540,1010,15.9,1.4,289,13.8,10.9,15.92,1.43
4545,,,,,,,15.92,1.44
4550,1010,15.9,1.5,291,19.8,14.1,16.08,1.46
4555,1010,15.8,1.5,282,14,10.9,15.67,1.49
4560,1010,16.1,1.5,280,18.1,13.2,16.08,1.52
4565,1010,16.3,1.5,275,15.9,12.1,16.33,1.54
4570,,,,,,,16.17,1.59
4575,1010,15.8,1.6,249,14,12,15.42,1.62
4580,,,,,,,15.83,1.67
4585,,,,,,,15.83,1.73
4590,1010,16.3,1.8,255,17.9,13,16.27,1.78
4595,,,,,,,16.17,1.84
4600,1010,15.8,1.9,256,17.5,14.4,15.75,1.89
4605,1010,15.4,1.9,250,24.5,18.4,15.42,1.94
4610,1010,15.4,2,245,23.7,20,15.42,1.98
4615,1010,15.7,2,238,20.6,19.8,15.67,2.02
4620,,,,,,,15.83,2.07
4625,1010,15.8,2.1,244,22.5,19.3,15.73,2.11
4630,,,,,,,16.08,2.14
4635,1010,16,2.2,260,14.8,13.2,16.17,2.18
4640,1010,15.6,2.2,238,19.8,15.5,15.58,2.2
4645,1010,15.4,2.2,243,18.3,16.2,15.42,2.24
4650,,,,,,,15.58,2.27
4655,1010,15.7,2.3,237,19.6,16.3,15.5,2.27
4660,1010,15.3,2.3,231,24.5,20.5,15.33,2.3
4665,1010,15.4,2.3,242,21.8,19.4,15.42,2.31
4670,1010,15,2.3,234,22,18.3,15,2.34
4675,,,,,,,14.75,2.35
4680,1010,14.5,2.4,231,18.8,17.1,14.42,2.37
4685,1010,14.5,2.4,234,21.8,20,14.5,2.39
4690,1010,14.4,2.4,242,19.8,17.9,14.42,2.41
4695,1010,14.3,2.4,239,19.8,16.9,14.25,2.43
4700,1010,14.3,2.5,234,16.5,14.7,14.33,2.45
4705,,,,,,,13.83,2.46
4710,1010,13.5,2.5,238,15,14.7,14,2.49
4715,1010,13.3,2.5,247,20.8,19.8,13.33,2.51
4720,1010,13.3,2.5,240,17.7,16.4,13.33,2.52
4725,1010,13.1,2.5,234,18.1,16.8,13.08,2.54
4730,,,,,,,12.75,2.56
4735,1010,13.1,2.6,230,18.1,15.7,13.25,2.56
4740,1010,13.1,2.6,233,16.5,15.5,13.08,2.58
4745,1010,13.7,2.6,233,18.7,14.9,13.67,2.6
4750,1010,13.3,2.6,238,21.4,16.9,13.25,2.62
4755,,,,,,,13.25,2.62
4760,1010,12.8,2.6,236,19.2,18,12.92,2.64
4765,1011,12.8,2.7,233,18.5,17,12.75,2.66
4770,1011,12.6,2.7,238,15.2,14.9,12.58,2.68
4775,1011,12.8,2.7,235,16.3,14.4,12.75,2.72
4780,,,,,,,13.08,2.74
4785,1011,13.4,2.8,243,13.4,12.9,13.5,2.77
4790,1011,13.7,2.8,237,15,13.1,13.42,2.82
4795,1011,13.3,2.9,247,13.2,13,13.33,2.87
4800,1011,13.5,2.9,251,16.5,13.1,13.5,2.92
4805,1011,13.8,3,243,13.6,13,13.75,2.97
4810,,,,,,,13.08,3.02
4815,1011,13.3,3.1,243,14.8,13.6,12.33,3.1
4820,1011,12.8,3.2,239,13.8,12.8,12.75,3.15
4825,1011,12.9,3.2,247,15.4,13.2,12.92,3.22
4830,1011,12.4,3.3,242,14.6,12.6,12.42,3.29
4835,,,,,,,12.58,3.37
4840,1011,12.4,3.4,242,12,11.3,12.33,3.44
4845,1011,12.2,3.5,238,12,11.1,11.75,3.51
4850,,,,,,,11.75,3.58
4855,,,,,,,11.33,3.65
4860,,,,,,,11.42,3.72
4875,,,,,,,11,3.92
4890,,,,,,,11,4.09
4905,1011,10.8,4.2,248,11.3,10.3,10.33,4.23
4910,,,,,,,10.33,4.27
4915,1011,10.9,4.3,253,10.9,9.2,10.25,4.3
4920,1011,10.8,4.3,251,10.7,10,10.83,4.32
4925,1011,10.8,4.3,251,10.5,9.5,10.83,4.34
4930,1011,10.8,4.4,250,11.3,10.4,10.75,4.36
4935,1011,10.9,4.4,252,10.1,10,10.92,4.38
4940,1011,11.3,4.4,251,9.5,9.1,11.25,4.38
4945,,,,,,,10.64,4.38
4950,1011,10.6,4.4,245,9.5,9.3,10.25,4.38
4955,1011,10.8,4.4,243,9.3,8.8,10.83,4.38
4960,1011,10.5,4.4,237,8.4,7.8,10.5,4.38
4965,1011,10.8,4.4,238,9.3,7.6,10.75,4.38
4970,,,,,,,11.08,4.36
4975,1011,10.6,4.4,243,9.5,8,10.17,4.35
4980,1011,10.6,4.4,244,8.9,7.7,10.58,4.35
4985,1010,10.2,4.3,245,8.4,7.5,10.17,4.33
4990,1010,10.8,4.3,250,8.6,7.8,10.75,4.33
4995,1010,10.8,4.3,250,8,7.8,10.83,4.33
5000,,,,,,,10.63,4.33
5005,1010,10.5,4.3,244,6.8,6.3,10.67,4.33
5010,1010,10.7,4.3,237,6.6,5.4,10.67,4.33
5015,1010,9.8,4.3,238,4.5,3.9,9.83,4.32
5020,1010,9.9,4.3,233,4.5,3.4,9.92,4.31
5025,,,,,,,9.92,4.31
5030,1010,10.3,4.3,242,2.5,2.9,9.5,4.31
5035,1010,10,4.3,227,0.6,0.7,10,4.31
5040,,,,,,,9.73,4.31
5045,,,,,,,9.33,4.29
5060,,,,,,,8.92,4.25
5075,,,,,,,10.17,4.2
5090,,,,,,,11,4.12
5105,,,,,,,11.42,4.01
5120,,,,,,,11.36,3.87
5135,,,,,,,12,3.67
5150,,,,,,,11.92,3.42
5165,,,,,,,11.92,3.12
5180,,,,,,,12.08,2.8
5195,,,,,,,12.42,2.47
5210,,,,,,,11.83,2.16
5225,,,,,,,11.83,1.89
5240,,,,,,,12.17,1.67
5255,,,,,,,12.58,1.52
5270,,,,,,,12.25,1.47
5285,,,,,,,11.42,1.46
5300,,,,,,,10.96,1.52
5315,,,,,,,11.92,1.66
5330,,,,,,,10.42,1.81
5345,,,,,,,11.25,1.98
5360,,,,,,,12.38,2.12
5375,,,,,,,11.92,2.24
5390,,,,,,,12.17,2.31
5400,,,,,,,12.25,2.33
5405,1005,12.3,2.4,131,21,20,12.64,2.35
5410,1005,13.3,2.4,139,22.2,19.8,12.92,2.37
5415,1004,13.3,2.4,135,22.5,20.5,13.25,2.39
5420,1004,12.7,2.4,142,22.3,20.3,12.67,2.41
5425,,,,,,,12.42,2.43
5430,1004,12.6,2.4,139,21.8,21.5,12.25,2.45
5435,1004,12.4,2.5,132,22.7,21.3,12.42,2.45
5440,1004,12,2.5,132,21.8,21.6,12,2.47
5445,1004,12.6,2.5,137,22.7,15.5,12.58,2.49
5450,1004,12.1,2.5,137,24.7,21.7,12.08,2.51
5455,,,,,,,12.17,2.52
5460,1004,12.7,2.5,137,22.7,22.1,12.42,2.52
5465,1004,12.6,2.5,133,22,21.4,13,2.54
5470,1004,13,2.5,131,22.9,21.4,13,2.54
5475,1004,13,2.6,132,23.5,21.1,13,2.55
5480,1004,13.1,2.6,137,22,21.3,13.08,2.56
5485,,,,,,,13.58,2.56
5490,1004,12.8,2.6,131,22.2,20.6,13,2.56
5495,1004,12.9,2.6,136,21,20.1,12.92,2.56
5500,1003,12.8,2.6,135,21.4,20.1,12.83,2.58
5505,,,,,,,12.58,2.6
5510,1003,12.7,2.6,140,23.1,21.5,12.83,2.62
5515,,,,,,,12.83,2.64
5520,1003,12.4,2.7,135,22.5,19.3,12.67,2.67
5525,1003,12.7,2.7,133,23.3,20.4,12.67,2.71
5530,1003,12.3,2.8,134,20.8,20,12.33,2.76
5535,,,,,,,12.25,2.8
5540,1003,12.2,2.9,132,21.2,19.6,12.67,2.87
5545,1003,12.5,2.9,135,23.5,20.2,12.5,2.93
5550,1003,12.1,3,138,22.7,22.1,12.08,2.99
5555,1003,12.2,3.1,144,22.9,22,12.17,3.08
5560,1003,12.3,3.2,146,23.5,22.3,12.25,3.15
5565,,,,,,,11.83,3.22
5570,1003,12.3,3.3,148,22,19.7,12,3.3
5575,1002,12.3,3.4,146,24.3,19.4,12.25,3.38
5580,1002,12.2,3.5,144,22.3,20.2,12.17,3.47
5585,1002,12.3,3.5,149,22,18.8,12.33,3.54
5590,,,,,,,12.33,3.62
5595,1002,12.3,3.7,142,19.2,18,12.33,3.7
5600,1002,12.3,3.8,140,21.4,19.5,12.33,3.77
5605,1002,12.4,3.9,137,19,18.7,12.42,3.85
5610,,,,,,,12.33,3.93
5615,1002,12.7,4,138,19.6,18.5,12.67,3.99
5620,,,,,,,12.75,4.05
5625,1002,12.7,4.1,139,21,18.5,12.5,4.09
5630,,,,,,,12.75,4.15
5635,1002,12.3,4.2,140,20.2,18.8,12.67,4.19
5640,,,,,,,12.75,4.24
5645,,,,,,,12.58,4.28
5660,,,,,,,12.83,4.34
5675,,,,,,,13.17,4.36
5690,,,,,,,12.83,4.35
5695,1001,13.1,4.4,165,16.9,14.9,13.08,4.35
5700,1001,13.3,4.3,168,19.2,16.2,13.33,4.33
5705,1001,13.3,4.3,170,19.6,15.1,13.33,4.31
5710,,,,,,,13.42,4.29
5715,1001,13.6,4.3,170,16.3,14.5,13.75,4.28
5720,1001,13.6,4.3,177,17.7,13.7,13.63,4.27
5725,1001,13.8,4.3,182,15.4,14.5,13.75,4.25
5730,,,,,,,13.75,4.25
5735,1001,13.8,4.3,182,21.8,14.1,13.67,4.25
5740,,,,,,,13.83,4.23
5745,1001,14.2,4.2,186,20,15.8,14.08,4.23
5750,1001,14.3,4.2,189,21,15.9,14.25,4.23
5755,1001,14.3,4.2,190,21,15.1,14.25,4.23
5760,,,,,,,14.17,4.25
5765,1001,14.7,4.3,192,17.3,14.7,14.42,4.25
5770,1001,14.4,4.3,200,21.8,18,14.67,4.25
5775,1001,14.3,4.3,203,22.7,16.3,14.33,4.25
5780,1001,14.6,4.3,201,18.5,16,14.58,4.27
5785,1001,14.6,4.3,208,18.8,15.6,14.58,4.27
5790,,,,,,,14.58,4.27
5795,1001,14.7,4.3,214,19.4,17.4,14.83,4.27
5800,1001,14.9,4.3,218,20.6,16.4,14.92,4.27
5805,,,,,,,14.67,4.25
5810,1001,14.8,4.2,235,18.8,16.5,14.83,4.23
5815,,,,,,,14.67,4.22
5820,1001,14.8,4.2,235,14.6,14.1,15,4.2
5825,1001,14.9,4.2,233,16.7,13.9,15.08,4.18
5830,1001,14.7,4.2,247,21.2,15.2,14.67,4.16
5835,1001,14.7,4.1,253,22.7,15.8,14.67,4.14
5840,1001,14.3,4.1,254,19.6,17.1,14.25,4.1
5845,,,,,,,14.25,4.06
5850,1002,14.2,4,256,19,14.4,14.25,4.03
5855,1002,14.3,4,253,20.6,16.8,14.25,3.99
5860,1002,14.5,3.9,254,17.1,15.8,14.5,3.93
5865,1002,14.3,3.9,247,14.8,14.1,14.33,3.88
5870,1002,14.7,3.8,246,16.3,13.2,14.67,3.8
5875,,,,,,,14.42,3.73
5880,,,,,,,14.25,3.65
5885,1002,14.1,3.6,238,12.4,12.6,13.83,3.57
5890,1002,14.8,3.5,236,12.2,10.5,14.75,3.47
5895,1002,14.8,3.4,230,13.8,12,14.75,3.37
5900,,,,,,,15.58,3.26
5905,1002,15.9,3.2,223,19,16.1,15.83,3.16
5910,1002,15.9,3.1,225,24.7,17.9,15.92,3.05
5915,1002,16.6,2.9,230,18.7,16.9,16.58,2.93
5920,1002,17.6,2.8,229,22.9,16.2,17.58,2.81
5925,,,,,,,17.75,2.7
5930,1002,17.8,2.6,235,22.2,18.7,18,2.58
5935,1002,17.7,2.5,234,20.8,21.1,17.67,2.46
5940,1002,18.4,2.4,236,19.4,19.7,18.42,2.35
5945,1002,18,2.3,229,21.8,18.8,18,2.25
5950,1002,18.2,2.1,237,21.4,21,18.17,2.14
5955,1002,18,2,234,25.6,18.9,18,2.03
5960,,,,,,,17.92,1.94
5965,1002,17.9,1.9,239,21.2,20.9,18.08,1.85
5970,1002,18.1,1.8,230,21,18.3,18.08,1.77
5975,1002,18.1,1.7,236,24.1,21.7,18.08,1.7
5980,,,,,,,18,1.63
5985,1003,17.9,1.6,242,20,18.1,18.08,1.59
5990,1003,17.7,1.5,247,23.3,18,17.67,1.54
5995,1003,18.2,1.5,231,17.9,18.1,18.17,1.52
6000,,,,,,,17.75,1.49
6005,,,,,,,17.42,1.49
6015,1003,17.4,1.5,240,26.8,19,17.42,1.49
6020,1003,17.3,1.5,232,24.5,20.1,17.29,1.5
6025,1003,17.2,1.5,222,22.7,17.6,17.17,1.52
6030,1003,17.6,1.6,230,23.9,20.3,17.58,1.55
6035,1003,17,1.6,225,19.8,19.3,17,1.59
6040,,,,,,,17.17,1.64
6045,,,,,,,17.42,1.7
6050,1003,16.7,1.8,232,24.9,22.3,16.83,1.76
6055,1003,16.6,1.8,225,27.4,21.9,16.58,1.82
6060,1003,16.8,1.9,230,28.4,23.3,16.75,1.87
6065,1003,16.6,1.9,221,24.9,21.5,16.58,1.94
6070,,,,,,,16.58,1.99
6075,1003,16.6,2,232,23.5,20.5,16.5,2.04
6080,1003,16.5,2.1,229,24.9,20.9,16.46,2.09
6085,1003,16.5,2.1,217,23.7,20.6,16.5,2.14
6090,1003,16.2,2.2,215,24.7,21.9,16.17,2.18
6095,,,,,,,16.5,2.22
6100,1003,16.5,2.3,231,23.3,19.9,16.08,2.26
6105,1004,16.3,2.3,226,26.2,21.8,16.42,2.29
6110,1004,16.1,2.3,225,23.9,22.8,16.08,2.32
6115,1004,16.2,2.3,223,25.6,22.7,16.17,2.33
6120,,,,,,,16.25,2.35
6125,1003,16.1,2.4,220,30.5,22.7,16.25,2.36
6130,1004,16,2.4,225,24.5,19.7,15.92,2.37
6135,1004,16.3,2.4,229,20.2,20,16.25,2.39
6140,1004,16.1,2.4,226,23.3,19.9,16.08,2.41
6145,1004,16,2.4,227,23.7,19.1,16,2.41
6150,,,,,,,15.92,2.43
6155,1004,15.8,2.4,225,22.5,20,16.17,2.45
6160,1004,15.8,2.5,226,18.5,18.2,15.75,2.45
6165,1004,15.8,2.5,221,20.8,18.1,15.83,2.49
6170,1004,16,2.5,233,19.2,16.4,16,2.49
6175,,,,,,,15.5,2.51
6180,1004,15.9,2.5,237,19.4,17.9,15.83,2.52
6185,1004,15.6,2.5,225,21.2,18,15.33,2.54
6190,1004,15.3,2.6,232,22.3,16.8,15.25,2.56
6195,1004,14.9,2.6,223,19,18.7,14.92,2.56
6200,1004,14.3,2.6,225,21,18.4,14.33,2.58
6205,,,,,,,14.58,2.6
6210,1004,14.3,2.6,228,17.9,16.5,14.33,2.62
6215,1004,14.3,2.6,226,18.5,15.9,14.33,2.62
6220,1005,14.6,2.6,220,17.5,16,14.58,2.64
6225,1005,15.1,2.6,231,16.1,15.8,15.08,2.64
6230,,,,,,,15,2.68
6235,1005,14.5,2.7,222,16.1,13.4,15,2.7
6240,1005,14.9,2.7,221,15.9,12.2,14.83,2.72
6245,1005,14.5,2.8,226,13.4,13.2,14.5,2.76
6250,1005,14.6,2.8,232,17.1,13,14.58,2.78
6255,1005,14.1,2.8,230,16.7,13.5,14.08,2.83
6260,,,,,,,14,2.87
6265,1005,14.2,2.9,232,16.3,15.7,13.92,2.91
6270,1005,13.8,3,224,13.6,13.7,13.75,2.95
6275,1005,13.6,3,228,16.3,12.2,13.58,3.02
6280,1005,13.4,3.1,235,15.5,14,13.42,3.07
6285,,,,,,,13.33,3.14
6290,1006,13.2,3.2,226,15.9,14,13.5,3.19
6295,,,,,,,13.17,3.26
6300,1006,13.5,3.3,228,15.4,12.6,13.58,3.33
6305,,,,,,,13.17,3.39
6310,1006,13.1,3.4,223,15.2,11.8,13.33,3.45
6320,1006,12.8,3.6,223,10.9,9.6,13.5,3.6
6325,1006,13.3,3.7,230,12,9.6,13.25,3.67
6330,1006,13.3,3.7,231,10.9,10.1,13.25,3.73
6335,1006,13.5,3.8,218,13.4,9.6,13.5,3.81
6340,1006,13,3.9,226,10.7,8.8,13,3.88
6345,,,,,,,13.33,3.95
6350,1006,13.3,4,227,9.7,9,13.25,4.01
6355,1006,13.2,4.1,233,10.7,9.1,12.67,4.08
6360,,,,,,,13,4.15
6365,,,,,,,12.92,4.21
6380,,,,,,,13.04,4.37
6395,,,,,,,12.5,4.46
6410,,,,,,,12.58,4.5
6425,,,,,,,12.83,4.47
6440,,,,,,,12.25,4.42
6455,,,,,,,12.17,4.37
6470,,,,,,,12.58,4.31
6485,,,,,,,12.17,4.29
6500,,,,,,,12.71,4.27
6515,,,,,,,12.42,4.27
6530,,,,,,,12.58,4.24
6545,,,,,,,12.75,4.2
6560,,,,,,,12.58,4.14
6575,,,,,,,13,4.04
6590,,,,,,,13,3.9
6605,,,,,,,13.17,3.72
6620,,,,,,,13.29,3.51
6635,,,,,,,13.5,3.22
6650,,,,,,,13.33,2.9
6665,,,,,,,12.92,2.56
6680,,,,,,,12.67,2.23
6695,,,,,,,12.92,1.92
6710,,,,,,,13.25,1.65
6725,,,,,,,13.58,1.46
6740,,,,,,,13.54,1.34
6755,,,,,,,13.83,1.29
6770,,,,,,,13.42,1.33
6785,,,,,,,13.42,1.43
6800,,,,,,,13.58,1.56
6815,,,,,,,13.67,1.74
6830,,,,,,,13.67,1.9
6840,1007,13.8,2,182,16.7,14.9,13.75,1.97
6845,,,,,,,14.08,2.02
6850,1007,14.1,2,182,17.1,14.9,14,2.04
6855,1007,13.8,2.1,185,17.7,13.4,13.83,2.08
6860,1007,14,2.1,192,16.3,12.6,14,2.1
6865,1007,14.3,2.1,180,15.2,13.6,14.33,2.12
6870,,,,,,,14.17,2.14
6875,1007,13.9,2.2,187,19.4,13.7,13.92,2.16
6880,1007,13.8,2.2,192,16.5,14.5,13.83,2.18
6885,1007,14,2.2,190,15.4,13.1,14,2.2
6890,1007,14,2.2,185,17.1,14.6,14,2.22
6895,,,,,,,14.33,2.24
6900,1007,14.3,2.3,183,19,11.7,14.5,2.25
6905,1007,14.3,2.3,179,17.5,13.3,14.25,2.27
6910,1007,14.4,2.3,182,16.9,13.8,14.42,2.29
6915,1007,14.4,2.3,182,13.6,12.1,14.42,2.3
6920,1007,14.3,2.3,187,16.7,12.3,14.25,2.31
6925,,,,,,,14.67,2.33
6930,1007,14.4,2.3,176,15.5,10.2,14.08,2.33
6935,1007,14.9,2.4,178,19.8,12.6,14.92,2.35
6940,1007,14.8,2.4,180,17.3,14.2,14.83,2.37
6945,1007,15.1,2.4,170,14.8,13,15.08,2.38
6950,,,,,,,15.33,2.39
6955,1007,15.3,2.4,181,17.7,15,15.17,2.35
6960,1007,15.3,2.4,180,15.4,13.6,15.42,2.39
6965,1007,15.3,2.4,183,18.3,15.1,15.25,2.4
6970,1007,15.4,2.4,184,18.5,14.4,15.36,2.42
6975,,,,,,,14.92,2.43
6980,1007,15.2,2.5,174,15.5,13.5,15.17,2.45
6985,1007,15.3,2.5,180,14.2,13.1,15.67,2.49
6990,1007,15.8,2.5,186,18.1,14.6,15.75,2.49
6995,1007,15.3,2.5,186,20,16.2,15.33,2.53
7000,1007,15.1,2.6,178,17.1,15.6,15.08,2.56
7005,,,,,,,15.25,2.62
7010,1007,14.8,2.7,184,19.8,16.7,14.92,2.66
7015,1007,15,2.7,180,16.5,14.8,15,2.72
7020,1007,14.9,2.8,186,17.9,15.8,14.92,2.77
7025,1007,15.6,2.8,170,15.5,13.8,15.58,2.83
7030,1007,15.3,2.9,186,15.2,13.3,15.25,2.91
7035,1007,15.5,3,181,20.2,16.7,15.5,2.98
7040,,,,,,,15.33,3.06
7045,1007,15.7,3.1,176,15.4,13.6,15.5,3.14
7050,1007,15.7,3.2,194,15.4,14.4,15.73,3.22
7055,1007,15.9,3.3,177,16.1,13.6,15.92,3.31
7060,,,,,,,15.73,3.4
7065,1007,15.6,3.5,176,15.5,15.3,15.75,3.48
7070,1007,15.6,3.6,184,20.6,14.3,15.58,3.56
7075,1007,15.9,3.6,186,17.9,13.6,15.92,3.64
7080,,,,,,,16,3.72
7085,,,,,,,15.67,3.8
7100,,,,,,,15.88,4
7115,,,,,,,16,4.17
7130,,,,,,,16.25,4.27
7145,,,,,,,16.33,4.32
7160,,,,,,,16.75,4.31
7175,,,,,,,16.42,4.27
7190,,,,,,,16.58,4.22
7205,1007,16.7,4.2,147,18.5,16.7,16.58,4.2
7210,1007,16.7,4.1,147,16.7,17.3,16.83,4.15
7215,1007,16.7,4.2,154,16.1,14.2,16.67,4.18
7220,1007,16.6,4.2,133,21.4,16.7,16.58,4.19
7225,1007,17.3,4.2,136,22,18.6,17.27,4.2
7230,,,,,,,17.75,4.19
7235,1007,17.2,4.2,144,21.4,18.7,16.83,4.21
7240,1007,17.3,4.2,123,22,20.2,17.25,4.21
7245,,,,,,,16.08,4.21
7250,1007,16,4.2,125,23.9,22,16,4.23
7255,,,,,,,16.25,4.23
7260,1007,16.7,4.2,126,23.3,21.2,17,4.23
7265,1007,17.1,4.2,131,21,20.7,17.25,4.23
7270,1007,17.5,4.2,124,22.7,21.2,17.5,4.23
7275,1007,16.4,4.2,121,22.2,20.9,16.42,4.22
7280,1007,16.4,4.2,123,20.8,20.2,16.42,4.21
7285,,,,,,,16.75,4.2
7290,1007,17.1,4.2,119,19.8,19.3,17.33,4.18
7295,1007,17.5,4.2,117,22,18.9,17.5,4.16
7300,1007,17.8,4.1,119,21.6,19.8,17.75,4.12
7305,1007,17.7,4.1,119,22,21.2,17.67,4.1
7310,1007,16.7,4.1,121,22.5,21.1,16.67,4.07
7315,,,,,,,16.92,4.04
7320,,,,,,,16.91,4.02
7325,1007,16.9,4,119,22,20.7,16.92,3.97
7330,1007,16.8,3.9,116,22.7,21.8,16.83,3.92
7335,1007,16.4,3.9,121,22.2,21.1,16.42,3.88
7340,,,,,,,16.33,3.82
7345,1007,16.5,3.8,120,24.7,22.5,16.58,3.77
7350,1007,16.9,3.7,121,22.5,21.9,16.92,3.7
7355,1007,17.3,3.6,124,22,21.1,17.33,3.63
7360,1007,17,3.6,122,21.4,20.1,17,3.56
7365,1007,16.6,3.5,119,21.6,20,16.58,3.47
7370,1007,16.8,3.4,119,21.6,20.8,16.75,3.38
7375,,,,,,,16.08,3.28
7380,1007,16.3,3.2,122,22,21.2,16.08,3.18
7385,1007,15.9,3.1,125,22.7,21.5,15.92,3.08
7390,1007,16,3,124,21.8,21,16,2.96
7395,,,,,,,16.08,2.84
7400,1007,16.5,2.8,117,20.6,20.5,16.58,2.74
7405,1007,16.6,2.6,115,19.8,19.7,16.58,2.63
7410,1007,16.4,2.5,119,20.8,19.8,16.42,2.51
7415,1007,16.1,2.4,117,19.6,19.5,16.08,2.4
7420,1007,16,2.3,114,20.6,19.7,16,2.29
7425,,,,,,,16,2.19
7430,1007,15.9,2.1,123,22.3,20.4,15.92,2.08
7435,1007,15.6,2,119,21.6,19.8,15.67,1.98
7440,,,,,,,15.5,1.9
7445,,,,,,,15.67,1.81
